,predicted_class,class
0,A,A
1,B,C
2,F,F
3,F,F
4,E,D
5,A,B
6,B,C
7,A,A
8,F,C
9,D,E
10,D,C
11,D,D
12,D,E
13,E,C
14,D,E
15,A,A
16,E,D
17,E,E
18,F,D
19,C,C
20,B,C
21,C,C
22,B,C
23,A,A
24,F,F
25,F,D
26,F,F
27,A,A
28,C,C
29,F,F
30,A,B
31,F,F
32,C,B
33,F,F
34,B,E
35,B,B
36,C,E
37,F,F
38,F,F
39,F,F
40,A,A
41,A,A
42,E,D
43,F,D
44,F,F
45,E,D
46,D,D
47,B,A
48,E,C
49,C,B
50,C,A
51,F,D
52,C,C
53,F,B
54,D,D
55,A,A
56,F,F
57,C,B
58,B,C
59,C,A
60,F,E
61,F,E
62,A,C
63,C,D
64,B,B
65,A,A
66,B,A
67,E,D
68,A,A
69,B,B
70,C,C
71,E,D
72,D,E
73,D,E
74,B,A
75,E,D
76,F,F
77,F,F
78,A,A
79,C,B
80,F,E
81,E,E
82,C,B
83,D,E
84,A,A
85,B,A
86,A,B
87,A,A
88,F,D
89,C,C
90,D,D
91,F,C
92,F,F
93,E,C
94,B,E
95,B,B
96,C,B
97,D,D
98,D,E
99,C,C
100,E,B
101,B,A
102,C,C
103,A,A
104,F,C
105,E,E
106,A,B
107,C,E
108,D,D
109,C,C
110,D,D
111,D,E
112,E,F
113,E,D
114,B,A
115,C,C
116,C,B
117,A,A
118,F,E
119,A,A
120,F,F
121,F,F
122,C,B
123,A,A
124,A,A
125,C,C
126,F,D
127,F,E
128,A,C
129,F,F
130,E,C
131,C,B
132,A,C
133,D,E
134,F,F
135,F,F
136,F,D
137,C,C
138,C,C
139,E,D
140,F,E
141,C,B
142,D,D
143,A,C
144,E,D
145,D,D
146,E,E
147,D,E
148,F,F
149,F,F
150,F,B
151,F,D
152,C,B
153,C,B
154,A,A
155,F,F
156,F,F
157,F,D
158,D,E
159,F,F
160,F,F
161,F,F
162,A,F
163,D,E
164,B,C
165,B,A
166,F,F
167,A,A
168,D,D
169,F,F
170,D,E
171,E,C
172,F,E
173,F,B
174,E,E
175,E,E
176,A,C
177,A,A
178,B,C
179,C,C
180,A,A
181,D,D
182,E,E
183,F,D
184,F,F
185,F,E
186,E,F
187,D,D
188,E,F
189,B,B
190,F,D
191,D,D
192,A,A
193,D,E
194,A,A
195,D,C
196,F,F
197,E,E
198,A,A
199,B,B
200,C,E
201,C,A
202,B,A
203,B,A
204,F,C
205,D,E
206,C,C
207,F,D
208,E,D
209,D,E
210,F,C
211,E,E
212,A,A
213,D,D
214,C,C
215,D,D
216,D,D
217,F,E
218,A,B
219,F,F
220,C,C
221,F,F
222,C,B
223,B,B
224,B,B
225,A,A
226,D,D
227,F,E
228,C,C
229,A,A
230,A,A
231,D,D
232,A,A
233,F,F
234,F,F
235,A,B
236,E,F
237,C,C
238,E,D
239,A,A
240,F,F
241,F,F
242,E,E
243,B,A
244,C,C
245,C,C
246,F,F
247,F,E
248,B,C
249,D,E
250,A,A
251,F,D
252,B,C
253,C,C
254,F,F
255,F,D
256,A,A
257,B,B
258,F,F
259,F,D
260,E,D
261,B,B
262,C,C
263,E,A
264,F,A
265,C,C
266,C,B
267,F,F
268,E,D
269,C,F
270,F,B
271,B,B
272,F,F
273,E,B
274,F,D
275,C,B
276,C,C
277,F,F
278,A,A
279,F,D
280,F,B
281,C,C
282,E,C
283,D,D
284,E,A
285,D,D
286,B,B
287,A,B
288,F,F
289,F,E
290,E,E
291,F,F
292,E,E
293,F,F
294,D,E
295,C,B
296,E,E
297,F,F
298,C,C
299,F,F
300,C,C
301,F,F
302,A,A
303,B,E
304,B,B
305,B,A
306,F,F
307,D,D
308,D,E
309,C,C
310,F,D
311,B,A
312,C,C
313,B,A
314,F,F
315,C,B
316,C,B
317,B,A
318,D,D
319,A,A
320,A,E
321,B,C
322,E,E
323,D,D
324,C,B
325,C,C
326,B,A
327,E,E
328,F,D
329,A,A
330,B,C
331,F,E
332,A,A
333,E,D
334,C,C
335,D,E
336,C,B
337,F,F
338,D,D
339,E,F
340,D,E
341,A,B
342,E,E
343,B,C
344,F,E
345,E,C
346,F,F
347,F,E
348,A,B
349,F,B
350,F,F
351,B,A
352,F,D
353,F,F
354,E,E
355,C,B
356,B,A
357,F,E
358,F,F
359,C,C
360,F,F
361,F,F
362,F,E
363,F,D
364,E,C
365,E,E
366,D,E
367,C,C
368,A,B
369,C,F
370,A,C
371,D,D
372,D,E
373,C,D
374,D,B
375,B,B
376,E,D
377,D,D
378,A,A
379,C,C
380,B,C
381,F,E
382,F,D
383,C,C
384,B,B
385,E,F
386,A,A
387,E,C
388,C,C
389,E,F
390,F,C
391,A,A
392,B,C
393,C,E
394,F,F
395,D,F
396,F,D
397,F,D
398,A,E
399,C,C
400,C,B
401,F,F
402,D,D
403,A,B
404,F,F
405,F,E
406,F,F
407,D,D
408,D,D
409,B,A
410,B,B
411,C,A
412,F,F
413,D,D
414,A,A
415,C,C
416,E,C
417,B,B
418,D,F
419,F,F
420,F,F
421,B,B
422,A,B
423,B,C
424,E,E
425,C,A
426,D,D
427,A,A
428,E,D
429,F,F
430,F,F
431,F,F
432,A,A
433,C,C
434,B,A
435,F,D
436,A,A
437,B,C
438,F,C
439,F,E
440,E,E
441,C,E
442,C,C
443,D,D
444,E,D
445,E,E
446,B,B
447,B,B
448,F,F
449,C,B
450,E,C
451,F,F
452,A,A
453,C,E
454,E,F
455,E,D
456,B,C
457,F,F
458,F,C
459,F,B
460,A,A
461,A,B
462,A,A
463,B,A
464,E,D
465,F,D
466,F,F
467,F,C
468,E,B
469,D,E
470,E,E
471,A,A
472,D,E
473,A,C
474,E,E
475,B,B
476,D,D
477,F,B
478,A,B
479,D,E
480,F,F
481,F,F
482,A,C
483,D,E
484,C,C
485,E,E
486,A,A
487,D,E
488,E,E
489,B,B
490,F,F
491,E,E
492,D,D
493,E,C
494,D,E
495,C,D
496,A,A
497,F,F
498,F,E
499,B,A
500,C,C
501,F,F
502,B,C
503,C,B
504,F,F
505,A,A
506,F,F
507,C,C
508,C,B
509,F,D
510,A,A
511,C,C
512,F,F
513,C,C
514,D,E
515,C,C
516,A,A
517,C,B
518,A,A
519,B,C
520,F,E
521,A,A
522,A,A
523,B,C
524,B,B
525,A,A
526,F,F
527,D,D
528,C,C
529,F,F
530,C,A
531,E,D
532,C,B
533,E,E
534,C,A
535,F,D
536,E,C
537,C,C
538,F,B
539,F,F
540,A,A
541,A,A
542,B,A
543,A,B
544,D,D
545,D,E
546,B,B
547,F,F
548,F,C
549,B,A
550,C,C
551,F,F
552,F,F
553,D,D
554,B,C
555,F,F
556,F,E
557,B,B
558,C,B
559,D,E
560,B,C
561,F,B
562,F,F
563,B,B
564,C,A
565,D,D
566,B,A
567,F,F
568,E,D
569,D,E
570,A,B
571,E,C
572,E,B
573,B,A
574,C,B
575,E,E
576,E,C
577,F,E
578,F,D
579,E,E
580,F,D
581,E,D
582,A,A
583,F,F
584,F,F
585,C,A
586,C,B
587,D,E
588,C,C
589,E,C
590,F,C
591,A,A
592,D,D
593,F,D
594,D,D
595,E,E
596,F,C
597,A,A
598,A,D
599,C,C
600,C,B
601,D,E
602,F,F
603,D,E
604,E,D
605,A,A
606,B,C
607,F,F
608,F,F
609,A,A
610,B,A
611,F,C
612,B,C
613,B,A
614,E,D
615,C,B
616,B,B
617,E,D
618,F,F
619,D,D
620,A,A
621,B,B
622,F,B
623,D,E
624,F,D
625,B,C
626,A,A
627,F,F
628,C,C
629,E,D
630,D,D
631,D,E
632,F,F
633,E,E
634,F,B
635,F,B
636,F,C
637,F,F
638,A,B
639,A,B
640,C,A
641,B,B
642,B,B
643,B,B
644,D,D
645,A,A
646,E,C
647,D,D
648,C,C
649,C,B
650,E,F
651,C,B
652,A,A
653,E,C
654,A,A
655,C,C
656,F,F
657,D,E
658,D,D
659,E,C
660,C,B
661,E,D
662,C,C
663,D,E
664,A,C
665,F,B
666,E,E
667,C,F
668,F,F
669,D,E
670,F,B
671,A,B
672,D,F
673,E,E
674,F,E
675,E,C
676,B,A
677,E,D
678,C,A
679,E,D
680,F,F
681,C,C
682,C,A
683,F,F
684,D,E
685,A,C
686,A,A
687,D,D
688,F,B
689,F,F
690,A,B
691,E,F
692,F,E
693,B,B
694,E,D
695,C,B
696,E,F
697,B,B
698,F,E
699,F,F
700,F,C
701,F,D
702,D,E
703,B,B
704,A,A
705,F,D
706,F,E
707,C,C
708,F,D
709,B,B
710,B,B
711,E,E
712,C,C
713,E,D
714,E,F
715,F,F
716,E,C
717,A,A
718,C,D
719,D,E
720,C,E
721,A,A
722,D,D
723,B,C
724,D,E
725,F,F
726,E,D
727,C,B
728,C,C
729,C,D
730,F,F
731,C,C
732,D,F
733,A,A
734,A,B
735,F,F
736,C,C
737,F,D
738,D,E
739,B,C
740,B,B
741,C,A
742,E,E
743,A,A
744,D,E
745,B,F
746,E,D
747,D,D
748,A,A
749,F,D
750,B,B
751,A,A
752,C,B
753,E,A
754,E,A
755,F,C
756,B,B
757,E,D
758,F,F
759,C,C
760,A,B
761,F,E
762,D,D
763,F,E
764,F,F
765,B,A
766,B,B
767,A,B
768,A,A
769,D,E
770,B,B
771,F,D
772,A,C
773,B,B
774,E,E
775,C,B
776,C,B
777,A,B
778,A,A
779,F,E
780,F,F
781,C,B
782,B,C
783,A,A
784,E,D
785,B,B
786,C,C
787,F,D
788,B,B
789,C,D
790,C,B
791,F,F
792,F,D
793,F,E
794,D,D
795,F,F
796,F,F
797,D,E
798,D,D
799,F,E
800,C,B
801,D,E
802,B,C
803,F,F
804,A,A
805,E,E
806,F,D
807,C,B
808,D,D
809,C,B
810,F,E
811,E,E
812,C,C
813,D,D
814,D,E
815,D,E
816,D,E
817,E,E
818,A,B
819,E,D
820,C,C
821,B,B
822,B,C
823,E,D
824,C,A
825,C,B
826,C,B
827,B,C
828,B,B
829,D,E
830,A,B
831,E,D
832,C,C
833,F,F
834,E,D
835,D,E
836,C,B
837,C,B
838,F,E
839,F,F
840,C,B
841,C,F
842,B,C
843,C,C
844,F,F
845,C,C
846,B,A
847,F,D
848,B,B
849,E,C
850,A,A
851,B,B
852,D,D
853,B,A
854,C,E
855,C,B
856,E,D
857,A,A
858,F,D
859,A,C
860,C,A
861,F,E
862,D,D
863,D,D
864,C,C
865,B,A
866,C,C
867,A,A
868,F,D
869,A,C
870,C,B
871,F,F
872,E,D
873,B,B
874,C,C
875,D,D
876,F,F
877,D,F
878,B,C
879,D,D
880,F,C
881,A,B
882,F,F
883,D,E
884,C,C
885,A,B
886,D,D
887,D,E
888,F,F
889,F,D
890,A,A
891,B,C
892,E,D
893,D,D
894,F,F
895,E,F
896,E,C
897,E,C
898,B,B
899,B,A
900,B,C
901,E,E
902,A,B
903,F,C
904,A,A
905,B,B
906,C,B
907,C,F
908,A,A
909,C,C
910,C,B
911,C,C
912,E,E
913,A,B
914,D,D
915,C,C
916,B,C
917,B,B
918,F,E
919,D,D
920,F,D
921,F,F
922,D,D
923,D,C
924,F,F
925,D,E
926,E,D
927,F,F
928,F,C
929,F,F
930,F,D
931,D,E
932,B,B
933,F,F
934,D,D
935,F,D
936,D,D
937,B,A
938,A,A
939,F,F
940,C,C
941,B,C
942,C,F
943,A,A
944,F,F
945,A,A
946,A,A
947,A,C
948,F,A
949,C,C
950,E,E
951,E,D
952,A,A
953,F,E
954,F,F
955,F,F
956,D,E
957,F,B
958,F,F
959,F,D
960,E,F
961,E,E
962,E,F
963,E,D
964,E,E
965,B,C
966,F,D
967,B,B
968,F,F
969,B,C
970,C,C
971,B,A
972,E,D
973,E,E
974,C,A
975,E,A
976,E,D
977,A,A
978,C,D
979,D,E
980,C,C
981,F,D
982,C,D
983,D,D
984,F,B
985,A,A
986,D,E
987,B,A
988,D,D
989,C,A
990,C,F
991,D,D
992,E,D
993,A,A
994,C,D
995,F,F
996,C,C
997,F,B
998,B,B
999,C,A
1000,D,D
1001,C,C
1002,E,E
1003,D,F
1004,B,C
1005,E,E
1006,B,C
1007,F,E
1008,C,A
1009,A,C
1010,F,F
1011,E,E
1012,D,D
1013,B,B
1014,B,A
1015,E,D
1016,F,F
1017,F,F
1018,A,C
1019,F,F
1020,F,C
1021,F,F
1022,C,B
1023,C,B
1024,B,C
1025,E,C
1026,C,B
1027,A,A
1028,A,A
1029,E,C
1030,A,F
1031,E,C
1032,D,D
1033,E,E
1034,F,C
1035,F,F
1036,C,D
1037,C,E
1038,D,D
1039,F,F
1040,C,C
1041,A,A
1042,C,B
1043,C,A
1044,C,C
1045,C,C
1046,B,B
1047,B,B
1048,D,E
1049,C,D
1050,D,D
1051,E,F
1052,F,B
1053,E,D
1054,A,A
1055,C,C
1056,F,F
1057,B,C
1058,B,B
1059,C,A
1060,A,A
1061,B,B
1062,F,D
1063,F,D
1064,D,C
1065,A,A
1066,D,D
1067,D,D
1068,C,B
1069,A,A
1070,A,A
1071,F,F
1072,F,E
1073,D,E
1074,B,A
1075,B,E
1076,D,E
1077,A,A
1078,A,B
1079,C,B
1080,F,F
1081,F,F
1082,D,D
1083,A,A
1084,E,C
1085,D,F
1086,A,B
1087,C,C
1088,D,E
1089,D,D
1090,D,D
1091,F,F
1092,B,B
1093,D,D
1094,C,C
1095,F,F
1096,F,F
1097,A,A
1098,F,F
1099,E,D
1100,E,E
1101,F,E
1102,E,E
1103,D,D
1104,D,E
1105,F,C
1106,A,A
1107,B,B
1108,C,C
1109,E,E
1110,C,C
1111,F,D
1112,A,A
1113,F,D
1114,A,A
1115,E,E
1116,C,C
1117,E,D
1118,C,C
1119,D,D
1120,B,D
1121,F,F
1122,D,E
1123,D,E
1124,E,E
1125,E,C
1126,C,C
1127,C,A
1128,F,C
1129,E,E
1130,D,E
1131,A,A
1132,C,C
1133,F,F
1134,A,A
1135,A,A
1136,E,C
1137,B,C
1138,F,F
1139,F,D
1140,A,A
1141,A,A
1142,F,F
1143,C,B
1144,A,A
1145,B,B
1146,F,C
1147,B,A
1148,B,A
1149,C,C
1150,C,A
1151,E,D
1152,B,C
1153,E,D
1154,F,D
1155,D,E
1156,D,D
1157,F,C
1158,D,E
1159,E,C
1160,B,A
1161,A,B
1162,D,D
1163,A,A
1164,C,E
1165,D,E
1166,B,A
1167,B,C
1168,B,B
1169,F,A
1170,A,A
1171,C,D
1172,D,E
1173,C,A
1174,D,E
1175,A,A
1176,B,C
1177,F,C
1178,F,F
1179,C,B
1180,D,D
1181,C,B
1182,D,D
1183,D,E
1184,F,D
1185,D,E
1186,B,C
1187,C,C
1188,C,C
1189,D,E
1190,B,C
1191,F,C
1192,C,D
1193,F,C
1194,E,E
1195,E,E
1196,E,E
1197,C,C
1198,B,B
1199,E,E
1200,A,A
1201,A,B
1202,F,F
1203,E,E
1204,C,B
1205,B,B
1206,E,B
1207,F,F
1208,C,C
1209,E,D
1210,A,A
1211,D,E
1212,C,C
1213,A,A
1214,E,D
1215,F,E
1216,A,A
1217,F,B
1218,A,A
1219,D,D
1220,F,F
1221,E,D
1222,D,D
1223,A,A
1224,F,F
1225,F,F
1226,E,D
1227,C,C
1228,E,A
1229,F,F
1230,E,C
1231,C,A
1232,D,F
1233,E,C
1234,A,A
1235,F,E
1236,F,F
1237,E,F
1238,F,E
1239,A,A
1240,B,B
1241,F,D
1242,D,E
1243,A,A
1244,B,C
1245,D,D
1246,F,F
1247,B,A
1248,C,C
1249,E,A
1250,A,A
1251,D,E
1252,B,B
1253,F,E
1254,C,B
1255,A,A
1256,F,F
1257,C,C
1258,B,A
1259,F,E
1260,F,E
1261,C,C
1262,D,D
1263,B,B
1264,E,F
1265,F,F
1266,D,E
1267,E,D
1268,D,F
1269,E,E
1270,A,A
1271,B,B
1272,C,A
1273,A,B
1274,E,E
1275,F,D
1276,B,E
1277,E,E
1278,F,C
1279,F,F
1280,A,A
1281,D,E
1282,C,B
1283,A,A
1284,A,A
1285,A,A
1286,C,F
1287,B,C
1288,C,C
1289,E,E
1290,B,B
1291,F,D
1292,A,B
1293,D,D
1294,A,A
1295,C,B
1296,B,B
1297,A,A
1298,F,C
1299,F,F
1300,E,F
1301,F,F
1302,B,C
1303,F,D
1304,C,B
1305,D,D
1306,D,D
1307,F,F
1308,C,C
1309,A,A
1310,D,E
1311,D,E
1312,C,C
1313,B,B
1314,C,B
1315,D,E
1316,F,E
1317,E,E
1318,F,F
1319,D,D
1320,A,A
1321,E,D
1322,F,A
1323,B,C
1324,C,D
1325,F,D
1326,F,F
1327,F,E
1328,B,A
1329,E,D
1330,F,F
1331,B,B
1332,F,C
1333,B,C
1334,E,E
1335,F,B
1336,C,E
1337,B,B
1338,A,B
1339,F,F
1340,F,D
1341,B,A
1342,B,C
1343,F,B
1344,F,E
1345,D,D
1346,F,F
1347,E,E
1348,A,B
1349,A,A
1350,A,A
1351,F,D
1352,F,E
1353,E,C
1354,E,D
1355,A,A
1356,E,A
1357,D,D
1358,F,F
1359,C,A
1360,A,B
1361,C,B
1362,B,B
1363,D,E
1364,A,A
1365,A,A
1366,A,A
1367,F,E
1368,D,D
1369,E,A
1370,C,B
1371,C,E
1372,E,E
1373,F,D
1374,F,D
1375,A,A
1376,A,A
1377,E,D
1378,D,E
1379,A,A
1380,C,C
1381,B,B
1382,D,D
1383,C,C
1384,C,C
1385,D,D
1386,B,B
1387,D,B
1388,F,E
1389,B,B
1390,B,B
1391,C,C
1392,B,A
1393,C,A
1394,D,D
1395,D,E
1396,E,E
1397,A,B
1398,C,C
1399,A,A
1400,E,D
1401,C,B
1402,F,C
1403,F,F
1404,C,B
1405,B,B
1406,F,C
1407,F,F
1408,C,B
1409,F,F
1410,B,B
1411,B,B
1412,E,E
1413,F,F
1414,B,C
1415,A,A
1416,B,B
1417,A,B
1418,D,D
1419,C,C
1420,B,A
1421,B,A
1422,B,B
1423,F,F
1424,D,E
1425,F,A
1426,F,F
1427,C,B
1428,E,F
1429,D,D
1430,F,C
1431,A,A
1432,C,C
1433,E,E
1434,A,A
1435,E,E
1436,A,A
1437,B,B
1438,C,C
1439,D,D
1440,B,A
1441,C,B
1442,C,B
1443,C,B
1444,B,C
1445,E,D
1446,F,F
1447,A,A
1448,E,E
1449,F,F
1450,E,E
1451,A,C
1452,B,A
1453,A,A
1454,B,B
1455,E,D
1456,C,E
1457,D,D
1458,B,B
1459,D,E
1460,C,B
1461,E,D
1462,C,C
1463,A,A
1464,F,D
1465,F,F
1466,E,E
1467,F,F
1468,F,F
1469,B,C
1470,B,A
1471,E,C
1472,A,B
1473,E,E
1474,F,E
1475,F,C
1476,B,B
1477,E,E
1478,C,C
1479,F,F
1480,F,C
1481,F,E
1482,D,E
1483,A,B
1484,E,D
1485,B,A
1486,C,C
1487,C,B
1488,D,D
1489,C,B
1490,C,B
1491,F,B
1492,C,C
1493,B,B
1494,A,A
1495,F,F
1496,F,D
1497,F,F
1498,A,A
1499,D,D
1500,A,A
1501,F,E
1502,B,D
1503,F,F
1504,E,E
1505,F,F
1506,E,D
1507,A,A
1508,B,B
1509,E,D
1510,F,D
1511,F,E
1512,F,D
1513,C,C
1514,E,E
1515,F,F
1516,F,E
1517,F,E
1518,F,F
1519,C,C
1520,D,D
1521,F,F
1522,E,C
1523,B,A
1524,B,A
1525,A,B
1526,E,E
1527,A,A
1528,C,C
1529,A,B
1530,F,C
1531,D,D
1532,F,D
1533,C,C
1534,E,D
1535,D,D
1536,D,E
1537,F,F
1538,F,F
1539,F,F
1540,F,A
1541,E,D
1542,E,D
1543,E,E
1544,D,D
1545,E,D
1546,E,E
1547,D,D
1548,D,E
1549,A,A
1550,A,A
1551,A,B
1552,F,F
1553,A,B
1554,E,D
1555,B,B
1556,E,E
1557,F,F
1558,C,F
1559,C,B
1560,A,A
1561,C,B
1562,F,F
1563,F,F
1564,F,F
1565,F,E
1566,B,C
1567,E,A
1568,E,F
1569,D,E
1570,F,E
1571,F,D
1572,F,B
1573,F,F
1574,E,E
1575,E,D
1576,F,F
1577,C,B
1578,C,B
1579,B,A
1580,F,D
1581,B,A
1582,F,F
1583,D,D
1584,E,F
1585,B,F
1586,C,B
1587,B,C
1588,C,B
1589,D,E
1590,F,B
1591,C,B
1592,E,E
1593,F,F
1594,A,A
1595,E,C
1596,F,D
1597,E,C
1598,F,F
1599,E,B
1600,C,C
1601,A,A
1602,F,F
1603,C,A
1604,E,D
1605,F,F
1606,B,B
1607,E,C
1608,D,D
1609,C,C
1610,B,B
1611,F,D
1612,C,A
1613,A,C
1614,C,C
1615,D,E
1616,F,F
1617,B,C
1618,C,B
1619,A,A
1620,C,C
1621,F,C
1622,F,E
1623,E,D
1624,E,C
1625,F,F
1626,A,A
1627,F,F
1628,B,B
1629,F,E
1630,A,B
1631,A,A
1632,C,C
1633,C,C
1634,C,C
1635,A,A
1636,E,E
1637,E,E
1638,A,A
1639,B,A
1640,C,C
1641,D,D
1642,F,E
1643,D,E
1644,C,B
1645,D,C
1646,A,C
1647,F,D
1648,B,A
1649,A,A
1650,D,D
1651,A,F
1652,D,D
1653,C,B
1654,D,E
1655,B,B
1656,B,C
1657,D,D
1658,F,E
1659,F,F
1660,F,F
1661,D,E
1662,A,E
1663,F,B
1664,B,A
1665,E,A
1666,B,A
1667,D,F
1668,F,E
1669,B,B
1670,D,F
1671,D,E
1672,D,D
1673,A,A
1674,E,D
1675,E,E
1676,A,A
1677,B,C
1678,B,B
1679,F,C
1680,D,E
1681,E,B
1682,B,A
1683,C,C
1684,A,A
1685,D,E
1686,D,D
1687,A,A
1688,B,B
1689,D,C
1690,C,B
1691,C,C
1692,A,A
1693,B,B
1694,C,B
1695,E,B
1696,D,F
1697,B,C
1698,E,D
1699,F,F
1700,C,C
1701,D,D
1702,A,A
1703,B,C
1704,A,B
1705,E,C
1706,D,F
1707,C,B
1708,D,E
1709,A,B
1710,C,C
1711,E,E
1712,C,C
1713,E,D
1714,D,E
1715,C,C
1716,D,D
1717,A,A
1718,A,A
1719,D,D
1720,E,E
1721,F,F
1722,C,B
1723,E,E
1724,F,F
1725,B,C
1726,D,D
1727,B,C
1728,F,F
1729,B,A
1730,C,B
1731,D,D
1732,E,C
1733,D,E
1734,D,E
1735,C,C
1736,A,A
1737,D,D
1738,C,C
1739,A,B
1740,F,D
1741,A,A
1742,E,B
1743,F,B
1744,E,E
1745,F,E
1746,A,C
1747,D,E
1748,C,A
1749,C,B
1750,F,C
1751,D,E
1752,B,A
1753,A,C
1754,C,B
1755,F,D
1756,A,A
1757,C,D
1758,F,F
1759,B,C
1760,F,C
1761,A,C
1762,A,A
1763,F,F
1764,C,C
1765,B,B
1766,F,F
1767,C,B
1768,F,F
1769,B,B
1770,F,F
1771,A,A
1772,F,F
1773,F,D
1774,A,A
1775,A,A
1776,F,C
1777,F,E
1778,C,D
1779,E,F
1780,F,D
1781,E,D
1782,B,C
1783,E,B
1784,D,D
1785,C,B
1786,C,C
1787,B,B
1788,E,E
1789,B,A
1790,F,F
1791,D,D
1792,C,C
1793,F,F
1794,D,F
1795,A,A
1796,F,F
1797,C,A
1798,C,C
1799,F,D
1800,F,F
1801,C,F
1802,D,D
1803,A,A
1804,D,E
1805,E,D
1806,E,E
1807,A,A
1808,B,C
1809,D,E
1810,C,C
1811,E,D
1812,F,E
1813,E,D
1814,A,A
1815,B,B
1816,F,C
1817,D,C
1818,E,D
1819,A,A
1820,C,B
1821,F,F
1822,F,D
1823,B,C
1824,F,F
1825,D,E
1826,E,D
1827,E,E
1828,F,F
1829,F,E
1830,F,E
1831,C,C
1832,C,B
1833,C,C
1834,F,B
1835,E,C
1836,F,F
1837,F,F
1838,F,C
1839,B,B
1840,C,B
1841,F,F
1842,A,A
1843,F,E
1844,D,D
1845,B,B
1846,F,F
1847,C,C
1848,B,C
1849,C,C
1850,F,F
1851,F,B
1852,A,A
1853,B,A
1854,F,D
1855,C,C
1856,A,A
1857,E,E
1858,F,E
1859,C,A
1860,E,D
1861,E,D
1862,F,D
1863,D,D
1864,F,E
1865,C,C
1866,D,D
1867,E,C
1868,E,D
1869,B,C
1870,E,D
1871,A,A
1872,F,D
1873,C,F
1874,F,F
1875,F,F
1876,E,C
1877,A,A
1878,C,C
1879,E,D
1880,E,E
1881,B,B
1882,C,B
1883,F,F
1884,B,B
1885,F,F
1886,B,F
1887,E,E
1888,F,C
1889,A,A
1890,F,C
1891,C,D
1892,B,B
1893,E,E
1894,E,B
1895,F,F
1896,B,B
1897,F,D
1898,F,F
1899,A,A
1900,F,F
1901,B,C
1902,C,C
1903,B,B
1904,A,A
1905,F,E
1906,F,F
1907,F,F
1908,C,E
1909,D,D
1910,C,A
1911,C,C
1912,E,E
1913,F,F
1914,A,A
1915,E,C
1916,E,C
1917,C,C
1918,B,B
1919,D,D
1920,B,B
1921,E,F
1922,A,C
1923,F,A
1924,B,B
1925,F,F
1926,E,D
1927,A,A
1928,A,C
1929,D,D
1930,C,F
1931,E,D
1932,A,C
1933,F,F
1934,F,F
1935,E,D
1936,C,B
1937,B,B
1938,F,B
1939,F,C
1940,B,B
1941,A,A
1942,D,D
1943,D,D
1944,C,B
1945,D,E
1946,F,D
1947,F,F
1948,D,E
1949,C,C
1950,F,F
1951,F,F
1952,E,D
1953,B,A
1954,E,D
1955,A,A
1956,B,B
1957,C,C
1958,E,D
1959,D,E
1960,F,C
1961,C,A
1962,E,D
1963,F,C
1964,F,F
1965,B,B
1966,C,B
1967,B,B
1968,A,A
1969,D,E
1970,F,F
1971,E,E
1972,F,F
1973,F,B
1974,E,E
1975,E,E
1976,B,A
1977,B,A
1978,D,E
1979,F,E
1980,A,C
1981,E,D
1982,D,D
1983,D,D
1984,B,B
1985,E,D
1986,D,D
1987,E,D
1988,C,C
1989,A,B
1990,F,D
1991,E,D
1992,D,E
1993,B,B
1994,C,C
1995,F,F
1996,A,A
1997,E,B
1998,F,F
1999,A,A
2000,A,A
2001,E,F
2002,A,A
2003,D,D
2004,C,A
2005,B,B
2006,C,C
2007,C,C
2008,A,A
2009,E,E
2010,A,A
2011,E,E
2012,D,D
2013,F,E
2014,E,D
2015,B,C
2016,F,E
2017,F,F
2018,E,D
2019,F,F
2020,E,E
2021,A,A
2022,B,B
2023,B,A
2024,A,B
2025,F,C
2026,F,F
2027,E,D
2028,C,C
2029,C,C
2030,E,E
2031,F,F
2032,C,C
2033,B,B
2034,E,C
2035,A,A
2036,F,E
2037,F,F
2038,D,D
2039,E,D
2040,F,D
2041,F,F
2042,E,D
2043,E,D
2044,B,B
2045,E,C
2046,F,F
2047,B,C
2048,E,D
2049,C,C
2050,B,B
2051,C,A
2052,A,B
2053,E,D
2054,F,F
2055,F,F
2056,E,C
2057,E,B
2058,F,F
2059,E,D
2060,B,B
2061,F,C
2062,F,E
2063,D,E
2064,B,B
2065,F,F
2066,F,F
2067,D,E
2068,F,F
2069,F,E
2070,E,D
2071,C,C
2072,D,E
2073,E,D
2074,D,D
2075,C,D
2076,B,C
2077,E,E
2078,F,B
2079,B,A
2080,C,D
2081,B,A
2082,C,B
2083,D,D
2084,F,F
2085,C,B
2086,C,C
2087,E,D
2088,C,B
2089,F,B
2090,B,B
2091,C,C
2092,C,B
2093,E,C
2094,A,A
2095,E,C
2096,B,C
2097,C,B
2098,D,D
2099,E,F
2100,D,E
2101,A,A
2102,B,B
2103,E,B
2104,C,A
2105,D,D
2106,F,F
2107,C,C
2108,F,D
2109,B,A
2110,F,F
2111,D,E
2112,D,D
2113,A,B
2114,F,F
2115,F,F
2116,B,B
2117,E,C
2118,F,F
2119,C,B
2120,D,D
2121,E,C
2122,C,C
2123,F,F
2124,C,B
2125,D,D
2126,D,D
2127,D,D
2128,B,A
2129,C,C
2130,E,D
2131,F,F
2132,F,D
2133,A,A
2134,F,F
2135,A,A
2136,D,D
2137,F,F
2138,A,A
2139,E,E
2140,D,E
2141,E,C
2142,C,B
2143,C,E
2144,E,E
2145,F,D
2146,E,D
2147,C,C
2148,A,B
2149,F,F
2150,D,D
2151,C,D
2152,C,C
2153,B,B
2154,E,E
2155,A,C
2156,F,F
2157,B,C
2158,D,A
2159,F,D
2160,D,F
2161,F,F
2162,F,A
2163,F,F
2164,E,B
2165,A,B
2166,A,A
2167,C,B
2168,A,A
2169,F,E
2170,D,E
2171,F,F
2172,F,F
2173,C,C
2174,B,A
2175,B,A
2176,C,C
2177,A,A
2178,B,B
2179,D,E
2180,E,D
2181,F,B
2182,F,E
2183,B,C
2184,A,A
2185,A,A
2186,C,C
2187,A,A
2188,B,B
2189,E,D
2190,E,A
2191,E,E
2192,F,F
2193,F,D
2194,C,C
2195,F,D
2196,F,F
2197,F,E
2198,E,C
2199,F,E
2200,C,C
2201,F,F
2202,E,C
2203,F,F
2204,C,D
2205,D,E
2206,F,B
2207,B,A
2208,B,B
2209,F,F
2210,A,A
2211,B,A
2212,A,A
2213,C,B
2214,E,E
2215,D,E
2216,B,C
2217,E,D
2218,D,E
2219,E,E
2220,B,C
2221,C,A
2222,B,A
2223,F,F
2224,B,C
2225,A,B
2226,E,E
2227,E,F
2228,F,F
2229,D,D
2230,D,E
2231,D,D
2232,B,A
2233,F,F
2234,F,C
2235,B,A
2236,A,A
2237,C,B
2238,F,F
2239,E,D
2240,D,E
2241,F,F
2242,F,C
2243,F,C
2244,A,A
2245,D,D
2246,D,D
2247,F,B
2248,F,F
2249,D,E
2250,D,D
2251,E,E
2252,E,E
2253,E,D
2254,C,C
2255,F,F
2256,C,A
2257,C,C
2258,C,B
2259,F,C
2260,C,B
2261,F,E
2262,A,A
2263,D,E
2264,A,C
2265,A,A
2266,D,D
2267,A,B
2268,C,C
2269,B,A
2270,E,D
2271,B,B
2272,E,F
2273,A,C
2274,F,F
2275,A,C
2276,B,E
2277,B,C
2278,C,C
2279,D,E
2280,E,C
2281,F,E
2282,D,D
2283,C,C
2284,D,D
2285,F,F
2286,C,C
2287,F,F
2288,F,F
2289,A,A
2290,F,C
2291,C,B
2292,F,F
2293,F,B
2294,F,F
2295,A,A
2296,F,D
2297,C,C
2298,C,B
2299,F,C
2300,E,E
2301,E,E
2302,F,F
2303,A,A
2304,B,B
2305,E,D
2306,D,D
2307,A,A
2308,F,C
2309,D,D
2310,E,E
2311,F,F
2312,C,B
2313,D,E
2314,A,C
2315,D,E
2316,E,E
2317,A,A
2318,F,D
2319,F,C
2320,B,C
2321,A,A
2322,F,B
2323,F,E
2324,C,B
2325,F,E
2326,F,F
2327,F,F
2328,A,A
2329,C,B
2330,B,C
2331,C,C
2332,A,A
2333,F,F
2334,F,F
2335,A,C
2336,B,B
2337,A,C
2338,B,C
2339,D,D
2340,D,F
2341,F,F
2342,F,F
2343,F,F
2344,D,D
2345,C,E
2346,B,B
2347,C,A
2348,E,E
2349,C,B
2350,B,A
2351,D,E
2352,D,E
2353,C,B
2354,F,F
2355,D,E
2356,F,F
2357,D,F
2358,E,F
2359,C,C
2360,F,F
2361,A,B
2362,D,E
2363,C,C
2364,B,C
2365,F,F
2366,F,B
2367,C,C
2368,C,C
2369,D,E
2370,B,A
2371,F,F
2372,C,C
2373,C,C
2374,E,E
2375,D,D
2376,C,B
2377,D,D
2378,F,F
2379,F,A
2380,F,F
2381,F,E
2382,D,D
2383,D,D
2384,F,D
2385,F,B
2386,B,C
2387,F,F
2388,F,F
2389,F,F
2390,B,B
2391,B,B
2392,C,B
2393,A,C
2394,F,C
2395,A,A
2396,D,D
2397,F,D
2398,C,B
2399,B,C
2400,C,C
2401,A,B
2402,B,C
2403,B,B
2404,F,F
2405,C,A
2406,C,B
2407,A,B
2408,D,D
2409,C,C
2410,A,C
2411,F,F
2412,C,B
2413,C,C
2414,F,E
2415,E,B
2416,B,B
2417,D,D
2418,F,F
2419,D,D
2420,F,F
2421,A,A
2422,B,A
2423,A,A
2424,C,B
2425,B,B
2426,D,D
2427,F,C
2428,B,C
2429,F,F
2430,E,E
2431,F,B
2432,A,A
2433,D,E
2434,F,D
2435,C,B
2436,A,C
2437,E,E
2438,C,C
2439,C,C
2440,E,E
2441,F,E
2442,D,D
2443,B,A
2444,D,E
2445,A,A
2446,F,E
2447,D,D
2448,E,B
2449,F,C
2450,C,B
2451,F,F
2452,F,F
2453,C,A
2454,A,A
2455,F,C
2456,F,F
2457,C,C
2458,D,D
2459,A,C
2460,F,C
2461,F,E
2462,C,F
2463,D,D
2464,E,C
2465,B,B
2466,B,C
2467,F,E
2468,C,B
2469,C,B
2470,F,F
2471,F,F
2472,B,A
2473,B,A
2474,D,D
2475,F,F
2476,D,E
2477,D,D
2478,F,F
2479,A,A
2480,B,C
2481,F,F
2482,D,E
2483,D,D
2484,F,E
2485,F,F
2486,F,F
2487,B,B
2488,A,A
2489,F,F
2490,E,A
2491,E,E
2492,A,A
2493,D,D
2494,F,C
2495,B,C
2496,A,A
2497,A,A
2498,E,F
2499,A,A
2500,D,D
2501,C,B
2502,F,F
2503,D,E
2504,F,F
2505,F,F
2506,F,E
2507,D,E
2508,D,D
2509,D,E
2510,B,A
2511,A,A
2512,E,E
2513,C,C
2514,B,A
2515,C,B
2516,F,D
2517,A,A
2518,A,B
2519,A,B
2520,D,D
2521,A,A
2522,F,F
2523,A,A
2524,B,C
2525,F,A
2526,E,D
2527,D,D
2528,C,B
2529,D,E
2530,B,A
2531,B,A
2532,B,B
2533,A,C
2534,B,B
2535,D,E
2536,A,A
2537,B,C
2538,E,D
2539,A,A
2540,B,C
2541,F,F
2542,B,A
2543,F,F
2544,F,F
2545,B,B
2546,A,A
2547,A,A
2548,E,C
2549,B,C
2550,E,E
2551,F,F
2552,A,A
2553,C,B
2554,F,E
2555,D,D
2556,D,D
2557,B,B
2558,A,C
2559,D,D
2560,C,C
2561,E,E
2562,F,D
2563,E,D
2564,D,D
2565,A,B
2566,F,F
2567,A,B
2568,B,C
2569,F,F
2570,C,B
2571,C,B
2572,F,F
2573,C,B
2574,E,E
2575,A,A
2576,F,F
2577,A,A
2578,F,F
2579,F,F
2580,A,A
2581,F,D
2582,E,E
2583,F,F
2584,D,E
2585,F,F
2586,B,B
2587,D,D
2588,A,B
2589,B,C
2590,D,B
2591,A,B
2592,A,A
2593,D,D
2594,F,D
2595,B,B
2596,A,A
2597,D,D
2598,F,F
2599,D,D
2600,F,F
2601,C,C
2602,F,C
2603,A,A
2604,A,A
2605,F,F
2606,E,C
2607,D,D
2608,C,C
2609,D,D
2610,F,E
2611,C,A
2612,B,A
2613,D,D
2614,F,D
2615,F,F
2616,C,C
2617,F,D
2618,C,D
2619,F,F
2620,E,E
2621,F,F
2622,F,B
2623,F,E
2624,A,A
2625,A,A
2626,F,C
2627,A,A
2628,D,E
2629,F,F
2630,C,C
2631,A,E
2632,F,C
2633,F,E
2634,E,E
2635,F,F
2636,A,A
2637,A,A
2638,F,C
2639,F,F
2640,F,F
2641,F,F
2642,C,C
2643,F,F
2644,A,A
2645,C,C
2646,D,D
2647,D,C
2648,C,B
2649,C,B
2650,D,D
2651,F,F
2652,E,B
2653,D,B
2654,D,D
2655,D,F
2656,F,F
2657,B,B
2658,D,E
2659,C,B
2660,D,E
2661,A,A
2662,D,D
2663,E,F
2664,F,F
2665,A,A
2666,D,D
2667,B,A
2668,C,B
2669,E,E
2670,D,E
2671,D,D
2672,C,C
2673,F,E
2674,B,B
2675,E,C
2676,D,D
2677,E,D
2678,D,D
2679,D,E
2680,B,A
2681,C,A
2682,F,E
2683,F,E
2684,F,E
2685,D,E
2686,E,D
2687,C,A
2688,F,F
2689,A,B
2690,C,E
2691,E,D
2692,F,F
2693,B,C
2694,A,C
2695,E,D
2696,B,B
2697,D,D
2698,A,B
2699,F,F
2700,D,B
2701,F,F
2702,F,F
2703,C,C
2704,F,F
2705,D,D
2706,F,C
2707,D,E
2708,F,C
2709,D,D
2710,B,B
2711,A,A
2712,D,E
2713,D,E
2714,D,E
2715,F,F
2716,F,B
2717,F,E
2718,F,F
2719,B,C
2720,C,C
2721,F,B
2722,F,D
2723,D,D
2724,B,C
2725,B,C
2726,A,B
2727,D,E
2728,D,E
2729,A,A
2730,D,E
2731,F,E
2732,D,E
2733,C,B
2734,B,B
2735,B,C
2736,D,E
2737,A,B
2738,F,F
2739,A,A
2740,B,E
2741,D,F
2742,C,B
2743,E,E
2744,D,E
2745,F,F
2746,A,A
2747,C,B
2748,C,B
2749,A,A
2750,F,D
2751,D,E
2752,B,B
2753,B,C
2754,F,F
2755,E,B
2756,A,A
2757,B,A
2758,F,D
2759,C,B
2760,C,B
2761,F,D
2762,C,C
2763,F,F
2764,A,A
2765,C,A
2766,A,A
2767,F,F
2768,F,C
2769,D,E
2770,E,E
2771,F,F
2772,F,E
2773,F,F
2774,D,D
2775,F,F
2776,C,B
2777,C,C
2778,F,F
2779,D,D
2780,F,F
2781,E,F
2782,C,B
2783,D,E
2784,B,A
2785,F,F
2786,A,A
2787,D,D
2788,D,D
2789,A,A
2790,D,D
2791,C,A
2792,A,A
2793,F,F
2794,A,C
2795,D,D
2796,E,C
2797,A,A
2798,C,C
2799,F,F
2800,C,C
2801,C,B
2802,B,B
2803,D,D
2804,F,F
2805,A,A
2806,A,B
2807,A,A
2808,E,D
2809,F,F
2810,E,E
2811,D,E
2812,D,E
2813,B,B
2814,F,F
2815,C,E
2816,C,D
2817,C,A
2818,A,F
2819,A,A
2820,F,F
2821,A,A
2822,A,C
2823,D,F
2824,F,E
2825,D,D
2826,E,F
2827,F,F
2828,F,F
2829,D,D
2830,F,C
2831,D,E
2832,A,A
2833,F,E
2834,B,A
2835,E,B
2836,F,E
2837,B,C
2838,D,D
2839,D,D
2840,A,A
2841,F,F
2842,D,E
2843,F,F
2844,A,A
2845,F,F
2846,C,C
2847,F,E
2848,C,B
2849,F,F
2850,C,A
2851,D,D
2852,A,E
2853,D,D
2854,D,E
2855,C,B
2856,F,F
2857,D,E
2858,B,C
2859,F,C
2860,B,B
2861,C,B
2862,F,F
2863,C,B
2864,A,A
2865,A,A
2866,C,C
2867,C,C
2868,F,F
2869,B,B
2870,E,E
2871,B,F
2872,F,D
2873,A,B
2874,B,B
2875,F,F
2876,A,B
2877,E,C
2878,F,F
2879,E,B
2880,F,D
2881,D,D
2882,F,C
2883,E,D
2884,D,E
2885,C,B
2886,D,D
2887,B,C
2888,C,A
2889,D,D
2890,F,F
2891,A,B
2892,F,F
2893,F,E
2894,B,A
2895,F,F
2896,A,B
2897,B,C
2898,F,F
2899,E,D
2900,C,B
2901,D,F
2902,B,C
2903,D,E
2904,C,D
2905,B,B
2906,F,E
2907,F,D
2908,E,C
2909,F,F
2910,F,F
2911,F,F
2912,D,D
2913,D,D
2914,A,A
2915,D,D
2916,F,F
2917,B,C
2918,B,B
2919,D,D
2920,A,A
2921,F,E
2922,F,F
2923,E,E
2924,F,A
2925,F,F
2926,A,A
2927,C,A
2928,F,F
2929,F,C
2930,A,B
2931,C,C
2932,C,C
2933,D,D
2934,D,D
2935,A,B
2936,F,F
2937,F,C
2938,D,E
2939,F,F
2940,F,F
2941,C,B
2942,D,E
2943,A,A
2944,F,B
2945,C,C
2946,B,C
2947,D,D
2948,D,E
2949,C,C
2950,C,F
2951,E,E
2952,A,A
2953,D,E
2954,F,F
2955,D,D
2956,A,C
2957,B,C
2958,B,C
2959,A,A
2960,F,F
2961,D,D
2962,A,A
2963,D,D
2964,F,F
2965,F,B
2966,F,C
2967,A,C
2968,A,A
2969,F,C
2970,F,F
2971,F,D
2972,D,E
2973,D,D
2974,D,E
2975,D,E
2976,F,D
2977,D,D
2978,F,F
2979,D,D
2980,C,C
2981,D,E
2982,A,A
2983,B,B
2984,F,F
2985,F,E
2986,F,F
2987,A,E
2988,A,A
2989,A,B
2990,D,E
2991,F,F
2992,D,D
2993,F,A
2994,A,C
2995,B,B
2996,D,E
2997,F,F
2998,F,E
2999,D,D
3000,D,D
3001,F,F
3002,C,A
3003,C,B
3004,C,B
3005,C,C
3006,A,B
3007,A,A
3008,C,B
3009,D,D
3010,D,D
3011,D,D
3012,D,D
3013,F,E
3014,F,F
3015,D,E
3016,F,F
3017,D,D
3018,F,E
3019,C,B
3020,D,E
3021,D,D
3022,E,D
3023,C,C
3024,A,A
3025,C,C
3026,D,E
3027,A,A
3028,C,C
3029,F,F
3030,D,E
3031,A,C
3032,E,D
3033,C,B
3034,C,D
3035,D,E
3036,F,F
3037,F,F
3038,D,D
3039,C,C
3040,F,F
3041,A,B
3042,F,F
3043,A,A
3044,D,D
3045,D,E
3046,A,A
3047,C,B
3048,F,F
3049,B,C
3050,B,A
3051,D,E
3052,F,F
3053,F,F
3054,F,B
3055,C,E
3056,F,C
3057,F,F
3058,A,A
3059,E,E
3060,E,E
3061,D,E
3062,E,D
3063,F,B
3064,E,E
3065,F,A
3066,F,F
3067,B,B
3068,F,F
3069,F,F
3070,E,E
3071,E,E
3072,F,C
3073,D,D
3074,C,C
3075,D,D
3076,A,B
3077,D,F
3078,A,A
3079,B,C
3080,B,C
3081,F,C
3082,A,A
3083,C,C
3084,E,E
3085,A,B
3086,D,D
3087,B,C
3088,D,E
3089,A,B
3090,C,B
3091,C,B
3092,D,D
3093,D,D
3094,D,D
3095,D,E
3096,F,F
3097,D,D
3098,D,E
3099,D,D
3100,C,C
3101,C,B
3102,A,A
3103,B,B
3104,C,D
3105,A,B
3106,D,D
3107,F,F
3108,A,A
3109,F,F
3110,A,A
3111,D,D
3112,B,A
3113,F,F
3114,F,F
3115,B,C
3116,F,F
3117,F,C
3118,D,D
3119,F,F
3120,D,D
3121,C,C
3122,F,F
3123,C,C
3124,F,F
3125,F,F
3126,F,F
3127,C,C
3128,A,A
3129,F,B
3130,C,B
3131,F,F
3132,A,A
3133,D,E
3134,C,B
3135,C,D
3136,D,D
3137,F,F
3138,B,B
3139,F,F
3140,D,D
3141,D,D
3142,B,A
3143,B,A
3144,C,B
3145,D,E
3146,D,E
3147,A,A
3148,E,B
3149,F,D
3150,F,F
3151,F,F
3152,A,A
3153,C,C
3154,F,E
3155,C,C
3156,C,C
3157,F,F
3158,C,C
3159,E,E
3160,F,F
3161,C,A
3162,C,C
3163,A,A
3164,A,A
3165,F,C
3166,D,E
3167,D,D
3168,A,A
3169,C,A
3170,E,D
3171,F,F
3172,F,F
3173,B,A
3174,A,B
3175,D,E
3176,D,E
3177,F,E
3178,D,E
3179,C,B
3180,B,B
3181,D,E
3182,F,D
3183,A,A
3184,F,E
3185,A,A
3186,F,F
3187,F,F
3188,D,E
3189,F,B
3190,F,F
3191,B,A
3192,D,E
3193,F,F
3194,F,E
3195,B,C
3196,D,D
3197,F,F
3198,E,D
3199,F,F
3200,C,B
3201,B,B
3202,D,D
3203,B,A
3204,A,A
3205,F,E
3206,F,E
3207,C,A
3208,F,F
3209,F,A
3210,B,D
3211,D,D
3212,F,B
3213,B,B
3214,D,D
3215,F,F
3216,A,A
3217,A,A
3218,C,E
3219,A,B
3220,A,B
3221,B,C
3222,C,E
3223,F,F
3224,F,F
3225,F,F
3226,D,D
3227,D,D
3228,B,A
3229,A,A
3230,C,E
3231,F,F
3232,B,C
3233,D,E
3234,C,E
3235,E,E
3236,E,E
3237,B,B
3238,E,E
3239,F,F
3240,E,E
3241,D,E
3242,D,D
3243,D,D
3244,B,B
3245,E,F
3246,F,F
3247,D,D
3248,A,B
3249,A,A
3250,D,E
3251,C,C
3252,F,F
3253,B,C
3254,B,A
3255,F,F
3256,F,D
3257,B,B
3258,D,C
3259,D,D
3260,F,F
3261,F,F
3262,A,A
3263,F,F
3264,D,D
3265,C,C
3266,F,F
3267,A,A
3268,B,B
3269,B,B
3270,F,F
3271,C,C
3272,B,B
3273,D,E
3274,E,D
3275,D,E
3276,C,B
3277,E,C
3278,F,F
3279,F,B
3280,A,B
3281,F,F
3282,D,E
3283,D,E
3284,F,F
3285,F,F
3286,F,E
3287,F,D
3288,D,C
3289,F,F
3290,D,D
3291,F,A
3292,D,D
3293,C,C
3294,D,E
3295,C,B
3296,F,F
3297,F,F
3298,F,E
3299,D,D
3300,D,E
3301,F,F
3302,B,C
3303,C,B
3304,A,A
3305,F,D
3306,D,E
3307,F,F
3308,B,C
3309,B,B
3310,A,B
3311,E,D
3312,F,F
3313,F,B
3314,A,A
3315,A,A
3316,D,E
3317,B,B
3318,A,B
3319,C,C
3320,C,A
3321,F,D
3322,A,A
3323,E,D
3324,F,F
3325,E,E
3326,A,B
3327,B,B
3328,D,D
3329,F,F
3330,D,F
3331,B,A
3332,B,A
3333,D,D
3334,C,A
3335,E,D
3336,E,C
3337,E,E
3338,B,B
3339,B,B
3340,C,C
3341,A,A
3342,A,A
3343,E,B
3344,D,D
3345,A,A
3346,F,F
3347,D,E
3348,F,E
3349,E,B
3350,D,F
3351,A,B
3352,F,F
3353,F,F
3354,B,B
3355,D,D
3356,F,F
3357,F,F
3358,C,D
3359,C,B
3360,D,E
3361,A,A
3362,D,E
3363,A,B
3364,B,A
3365,F,F
3366,C,D
3367,D,D
3368,D,E
3369,F,E
3370,F,E
3371,F,E
3372,E,E
3373,C,A
3374,B,C
3375,E,C
3376,B,C
3377,F,C
3378,E,E
3379,C,C
3380,A,A
3381,D,D
3382,D,D
3383,D,E
3384,F,B
3385,F,D
3386,D,D
3387,C,C
3388,F,F
3389,D,D
3390,F,D
3391,A,A
3392,A,B
3393,B,A
3394,F,F
3395,A,A
3396,F,F
3397,F,E
3398,D,E
3399,F,F
3400,D,D
3401,E,C
3402,F,F
3403,F,B
3404,E,D
3405,D,E
3406,C,C
3407,A,A
3408,A,A
3409,B,B
3410,D,D
3411,F,E
3412,C,B
3413,A,A
3414,C,C
3415,F,E
3416,A,B
3417,D,F
3418,E,E
3419,D,E
3420,C,C
3421,D,D
3422,F,E
3423,F,D
3424,D,D
3425,B,A
3426,D,E
3427,F,F
3428,E,D
3429,F,C
3430,E,E
3431,A,A
3432,F,D
3433,C,C
3434,A,B
3435,C,C
3436,F,F
3437,C,C
3438,F,E
3439,F,E
3440,D,E
3441,F,B
3442,C,C
3443,D,E
3444,D,E
3445,A,B
3446,F,F
3447,B,C
3448,D,D
3449,A,A
3450,F,F
3451,F,D
3452,F,C
3453,C,C
3454,D,D
3455,D,E
3456,E,D
3457,F,A
3458,D,E
3459,F,F
3460,C,A
3461,E,D
3462,D,D
3463,E,D
3464,F,E
3465,A,A
3466,D,D
3467,B,B
3468,F,F
3469,F,F
3470,E,F
3471,A,A
3472,A,A
3473,A,A
3474,D,E
3475,C,C
3476,C,C
3477,E,E
3478,D,E
3479,D,D
3480,F,D
3481,D,D
3482,F,F
3483,F,F
3484,B,A
3485,D,D
3486,F,F
3487,F,F
3488,F,B
3489,D,D
3490,D,F
3491,E,E
3492,E,C
3493,A,A
3494,A,B
3495,F,F
3496,C,B
3497,C,B
3498,F,E
3499,D,E
3500,C,B
3501,D,F
3502,D,E
3503,D,E
3504,F,B
3505,D,E
3506,B,A
3507,F,C
3508,D,E
3509,D,D
3510,F,F
3511,C,B
3512,A,A
3513,B,A
3514,F,F
3515,D,E
3516,F,D
3517,E,D
3518,D,D
3519,F,F
3520,E,C
3521,D,D
3522,F,F
3523,F,D
3524,C,E
3525,A,A
3526,E,E
3527,E,B
3528,D,D
3529,B,A
3530,A,A
3531,B,A
3532,D,E
3533,F,E
3534,A,A
3535,B,B
3536,F,C
3537,A,A
3538,A,B
3539,D,E
3540,C,B
3541,F,F
3542,F,F
3543,F,F
3544,C,A
3545,B,A
3546,E,E
3547,F,D
3548,C,B
3549,A,B
3550,E,C
3551,F,F
3552,A,C
3553,C,D
3554,F,F
3555,D,E
3556,A,A
3557,C,C
3558,E,D
3559,E,C
3560,C,C
3561,F,B
3562,A,A
3563,F,F
3564,A,A
3565,C,C
3566,D,E
3567,B,A
3568,C,B
3569,F,F
3570,B,B
3571,C,A
3572,F,F
3573,C,B
3574,C,B
3575,F,E
3576,B,A
3577,E,E
3578,D,D
3579,D,E
3580,D,D
3581,B,C
3582,B,A
3583,C,C
3584,D,D
3585,B,C
3586,A,B
3587,A,A
3588,F,F
3589,C,C
3590,D,D
3591,F,C
3592,D,E
3593,D,E
3594,F,F
3595,D,E
3596,D,D
3597,D,E
3598,A,A
3599,F,E
3600,D,C
3601,F,C
3602,D,D
3603,A,A
3604,A,A
3605,D,C
3606,B,B
3607,A,C
3608,D,D
3609,D,D
3610,E,E
3611,E,C
3612,F,C
3613,E,D
3614,B,B
3615,C,C
3616,F,B
3617,D,E
3618,A,A
3619,C,C
3620,A,A
3621,D,E
3622,A,A
3623,A,A
3624,B,C
3625,C,C
3626,B,B
3627,B,B
3628,C,D
3629,E,E
3630,B,F
3631,E,D
3632,D,D
3633,F,F
3634,C,E
3635,A,A
3636,D,D
3637,A,A
3638,F,F
3639,D,E
3640,D,E
3641,C,C
3642,D,E
3643,C,E
3644,D,D
3645,F,B
3646,B,B
3647,D,D
3648,F,D
3649,F,F
3650,F,C
3651,E,D
3652,D,E
3653,B,C
3654,B,C
3655,E,D
3656,A,B
3657,D,D
3658,B,B
3659,E,A
3660,A,B
3661,B,A
3662,E,F
3663,A,A
3664,C,B
3665,D,D
3666,D,E
3667,E,D
3668,F,D
3669,C,F
3670,C,C
3671,F,F
3672,D,D
3673,A,A
3674,F,F
3675,F,F
3676,F,A
3677,F,E
3678,C,C
3679,C,A
3680,D,E
3681,F,F
3682,F,D
3683,F,F
3684,F,C
3685,F,C
3686,F,F
3687,C,B
3688,E,F
3689,F,D
3690,D,E
3691,F,F
3692,E,E
3693,F,F
3694,E,D
3695,A,C
3696,A,A
3697,A,B
3698,F,D
3699,E,C
3700,D,D
3701,F,F
3702,F,E
3703,F,D
3704,F,F
3705,F,D
3706,A,A
3707,D,E
3708,A,A
3709,D,D
3710,D,D
3711,D,E
3712,A,B
3713,B,A
3714,F,F
3715,D,D
3716,B,C
3717,A,B
3718,D,E
3719,F,F
3720,F,A
3721,C,C
3722,E,A
3723,C,C
3724,D,C
3725,D,E
3726,D,E
3727,F,B
3728,B,A
3729,F,C
3730,F,E
3731,C,F
3732,E,B
3733,D,D
3734,D,D
3735,C,B
3736,F,D
3737,F,C
3738,C,F
3739,C,C
3740,F,F
3741,D,E
3742,B,A
3743,F,F
3744,F,D
3745,D,E
3746,F,C
3747,F,F
3748,F,F
3749,E,C
3750,A,F
3751,C,D
3752,D,E
3753,E,C
3754,C,E
3755,E,B
3756,F,C
3757,F,F
3758,C,B
3759,D,F
3760,F,F
3761,C,B
3762,F,F
3763,D,E
3764,E,C
3765,C,D
3766,B,B
3767,F,F
3768,F,E
3769,F,F
3770,D,D
3771,E,C
3772,D,E
3773,F,E
3774,D,D
3775,B,A
3776,B,B
3777,C,B
3778,A,A
3779,F,F
3780,A,A
3781,C,C
3782,E,D
3783,C,B
3784,B,C
3785,B,B
3786,B,A
3787,C,C
3788,D,D
3789,A,A
3790,F,F
3791,F,C
3792,F,D
3793,A,A
3794,F,F
3795,E,C
3796,F,D
3797,F,F
3798,A,B
3799,D,D
3800,F,A
3801,C,C
3802,D,D
3803,D,D
3804,D,D
3805,A,B
3806,F,E
3807,D,E
3808,A,A
3809,F,F
3810,C,C
3811,A,A
3812,D,D
3813,B,C
3814,F,A
3815,A,B
3816,B,A
3817,F,F
3818,D,D
3819,C,B
3820,C,B
3821,F,A
3822,A,A
3823,F,E
3824,E,E
3825,C,C
3826,A,B
3827,D,D
3828,D,E
3829,E,D
3830,E,F
3831,C,C
3832,A,A
3833,D,D
3834,B,A
3835,D,D
3836,F,F
3837,F,F
3838,C,B
3839,C,B
3840,E,E
3841,F,D
3842,A,A
3843,E,E
3844,C,A
3845,A,A
3846,B,A
3847,A,A
3848,F,C
3849,F,C
3850,D,E
3851,C,A
3852,F,F
3853,E,E
3854,A,A
3855,A,B
3856,B,C
3857,F,E
3858,A,A
3859,F,F
3860,A,A
3861,A,A
3862,B,A
3863,A,A
3864,A,C
3865,F,F
3866,B,C
3867,F,F
3868,F,F
3869,E,B
3870,F,E
3871,B,A
3872,B,C
3873,A,A
3874,A,A
3875,A,A
3876,D,E
3877,D,E
3878,D,D
3879,F,F
3880,F,F
3881,F,F
3882,A,A
3883,D,E
3884,F,E
3885,F,E
3886,E,D
3887,D,D
3888,D,E
3889,B,C
3890,F,F
3891,F,B
3892,B,A
3893,D,E
3894,F,B
3895,C,C
3896,B,B
3897,F,B
3898,D,E
3899,C,C
3900,C,C
3901,A,A
3902,F,F
3903,E,E
3904,E,E
3905,C,C
3906,F,F
3907,F,F
3908,C,C
3909,A,A
3910,D,E
3911,F,C
3912,D,D
3913,F,F
3914,C,B
3915,D,E
3916,B,C
3917,D,E
3918,F,E
3919,D,D
3920,F,F
3921,E,E
3922,F,B
3923,D,D
3924,F,D
3925,D,E
3926,B,B
3927,C,C
3928,E,D
3929,A,B
3930,D,D
3931,D,E
3932,C,A
3933,E,D
3934,A,C
3935,D,F
3936,A,C
3937,A,A
3938,F,A
3939,A,B
3940,E,B
3941,C,C
3942,F,B
3943,F,D
3944,B,B
3945,F,E
3946,D,D
3947,D,E
3948,F,C
3949,C,B
3950,A,A
3951,F,C
3952,E,D
3953,C,B
3954,F,F
3955,A,A
3956,C,A
3957,E,D
3958,D,D
3959,E,E
3960,F,C
3961,C,B
3962,D,E
3963,D,D
3964,D,D
3965,A,A
3966,F,F
3967,B,B
3968,D,E
3969,E,B
3970,F,F
3971,F,F
3972,A,A
3973,C,E
3974,D,E
3975,F,F
3976,F,E
3977,F,B
3978,C,C
3979,D,F
3980,F,F
3981,A,C
3982,C,A
3983,B,C
3984,A,A
3985,E,E
3986,A,C
3987,F,F
3988,B,B
3989,B,B
3990,D,D
3991,D,E
3992,C,C
3993,F,F
3994,F,C
3995,C,C
3996,C,B
3997,F,F
3998,E,D
3999,F,E
4000,A,B
4001,F,E
4002,D,D
4003,A,B
4004,C,B
4005,D,D
4006,E,D
4007,A,B
4008,C,D
4009,B,A
4010,A,A
4011,E,E
4012,D,E
4013,F,F
4014,A,A
4015,D,E
4016,F,B
4017,C,C
4018,D,D
4019,A,C
4020,C,C
4021,F,D
4022,F,C
4023,F,F
4024,B,A
4025,A,A
4026,F,F
4027,E,E
4028,D,E
4029,D,D
4030,B,A
4031,D,E
4032,C,B
4033,A,A
4034,D,E
4035,F,F
4036,B,C
4037,F,F
4038,F,D
4039,D,D
4040,D,E
4041,D,E
4042,A,A
4043,C,D
4044,F,D
4045,C,C
4046,A,A
4047,F,C
4048,D,D
4049,B,C
4050,D,F
4051,C,C
4052,F,F
4053,F,F
4054,F,F
4055,D,E
4056,C,C
4057,A,A
4058,F,F
4059,F,F
4060,F,F
4061,A,B
4062,D,D
4063,A,B
4064,D,E
4065,D,E
4066,D,E
4067,D,D
4068,F,C
4069,E,D
4070,A,B
4071,D,E
4072,C,C
4073,F,F
4074,C,A
4075,E,E
4076,B,A
4077,B,B
4078,C,A
4079,A,A
4080,C,B
4081,B,B
4082,D,E
4083,F,C
4084,F,F
4085,F,B
4086,D,E
4087,E,D
4088,D,E
4089,E,E
4090,E,E
4091,D,D
4092,C,C
4093,F,F
4094,C,E
4095,F,F
4096,D,D
4097,F,F
4098,C,A
4099,C,C
4100,D,C
4101,B,C
4102,D,D
4103,D,D
4104,D,D
4105,E,B
4106,E,E
4107,C,C
4108,E,E
4109,D,D
4110,F,E
4111,B,B
4112,F,B
4113,C,B
4114,F,F
4115,F,F
4116,B,B
4117,C,C
4118,D,F
4119,C,C
4120,F,F
4121,F,F
4122,F,B
4123,D,E
4124,F,B
4125,F,B
4126,C,C
4127,C,B
4128,D,D
4129,F,F
4130,A,C
4131,B,A
4132,B,B
4133,E,E
4134,E,C
4135,C,A
4136,E,E
4137,A,A
4138,D,E
4139,F,F
4140,E,E
4141,D,D
4142,C,A
4143,D,D
4144,B,B
4145,F,F
4146,B,A
4147,A,B
4148,C,C
4149,B,C
4150,C,B
4151,F,F
4152,F,F
4153,F,F
4154,D,E
4155,F,F
4156,F,D
4157,A,B
4158,D,E
4159,A,A
4160,D,E
4161,C,C
4162,F,B
4163,D,D
4164,C,B
4165,D,E
4166,F,B
4167,B,B
4168,D,D
4169,A,A
4170,D,E
4171,A,C
4172,F,F
4173,B,B
4174,D,D
4175,A,A
4176,E,D
4177,F,E
4178,A,B
4179,F,C
4180,E,E
4181,D,D
4182,D,E
4183,F,F
4184,F,A
4185,A,A
4186,F,E
4187,F,F
4188,C,B
4189,D,E
4190,C,C
4191,D,C
4192,B,F
4193,E,D
4194,B,C
4195,F,E
4196,A,A
4197,B,B
4198,A,C
4199,D,E
4200,B,A
4201,A,E
4202,A,B
4203,A,A
4204,F,F
4205,F,F
4206,C,C
4207,C,C
4208,B,B
4209,A,A
4210,A,C
4211,D,D
4212,D,E
4213,C,A
4214,A,C
4215,E,D
4216,F,C
4217,D,D
4218,F,E
4219,C,C
4220,B,B
4221,F,B
4222,C,B
4223,A,A
4224,E,C
4225,D,E
4226,F,C
4227,F,E
4228,F,F
4229,A,A
4230,C,C
4231,F,F
4232,F,D
4233,D,E
4234,F,B
4235,B,A
4236,F,E
4237,D,E
4238,A,A
4239,C,C
4240,D,E
4241,C,C
4242,C,F
4243,C,E
4244,E,D
4245,A,A
4246,F,F
4247,B,C
4248,F,F
4249,E,D
4250,A,A
4251,B,B
4252,E,E
4253,F,F
4254,D,D
4255,D,E
4256,F,E
4257,D,E
4258,D,E
4259,D,E
4260,A,A
4261,E,E
4262,C,B
4263,C,A
4264,C,C
4265,D,E
4266,A,A
4267,F,A
4268,D,E
4269,D,E
4270,F,B
4271,A,A
4272,D,D
4273,B,C
4274,B,A
4275,F,F
4276,C,B
4277,F,F
4278,B,A
4279,F,C
4280,B,B
4281,B,A
4282,D,D
4283,A,D
4284,F,E
4285,E,E
4286,D,E
4287,D,D
4288,B,C
4289,F,D
4290,C,B
4291,D,C
4292,D,E
4293,D,D
4294,D,F
4295,F,F
4296,F,E
4297,A,A
4298,D,D
4299,D,E
4300,C,B
4301,F,C
4302,C,B
4303,F,E
4304,F,F
4305,D,D
4306,A,A
4307,F,F
4308,C,A
4309,E,D
4310,D,F
4311,F,D
4312,A,C
4313,F,F
4314,F,E
4315,B,B
4316,E,E
4317,E,C
4318,A,C
4319,C,E
4320,D,D
4321,C,B
4322,A,B
4323,F,C
4324,A,B
4325,A,B
4326,B,C
4327,F,F
4328,D,E
4329,A,A
4330,C,C
4331,B,C
4332,C,C
4333,F,D
4334,D,D
4335,A,A
4336,D,F
4337,D,E
4338,D,D
4339,F,F
4340,F,F
4341,A,C
4342,F,E
4343,A,A
4344,F,C
4345,F,C
4346,E,E
4347,E,E
4348,C,B
4349,F,F
4350,B,B
4351,F,D
4352,B,B
4353,F,F
4354,E,F
4355,A,C
4356,F,F
4357,E,D
4358,D,E
4359,F,F
4360,F,F
4361,D,D
4362,D,E
4363,F,D
4364,F,C
4365,E,C
4366,D,D
4367,A,A
4368,D,F
4369,C,B
4370,D,E
4371,C,B
4372,B,A
4373,B,D
4374,D,D
4375,A,A
4376,F,F
4377,C,B
4378,D,D
4379,A,A
4380,F,F
4381,D,E
4382,D,E
4383,D,D
4384,B,A
4385,F,D
4386,D,D
4387,C,C
4388,F,F
4389,C,C
4390,E,E
4391,F,E
4392,C,B
4393,E,B
4394,C,C
4395,D,E
4396,C,C
4397,C,C
4398,C,C
4399,B,C
4400,F,F
4401,F,E
4402,B,C
4403,F,F
4404,F,F
4405,E,E
4406,D,D
4407,F,F
4408,F,C
4409,F,D
4410,B,A
4411,A,A
4412,D,D
4413,A,A
4414,B,C
4415,A,A
4416,C,B
4417,A,B
4418,B,C
4419,D,D
4420,C,B
4421,B,B
4422,A,C
4423,B,A
4424,F,F
4425,D,E
4426,B,C
4427,D,E
4428,C,C
4429,C,B
4430,D,E
4431,A,A
4432,A,A
4433,D,E
4434,F,F
4435,D,D
